sample_id,negative_probability,neutral_probability,positive_probability,predicted_class,intensity_raw,intensity_clipped
附件3_01.pkl#0,0.8418401809225862,0.116915308240708,0.04124451083670591,0,-0.9599667191505432,-0.9599667191505432
附件3_02.pkl#0,0.21697012735569562,0.6266475439791004,0.156382328665204,1,-0.04591792821884155,-0.04591792821884155
附件3_03.pkl#0,0.13639745298201925,0.49683355178435723,0.36676899523362366,1,0.1487605720758438,0.1487605720758438
附件3_04.pkl#0,0.08455053471403945,0.3573641826711509,0.5580852826148096,2,0.3493483364582062,0.3493483364582062
附件3_05.pkl#0,0.893633113544099,0.06355460908350327,0.0428122773723976,0,-1.1175600290298462,-1.1175600290298462
附件3_06.pkl#0,0.033104260311953876,0.2612574868466144,0.7056382528414317,2,0.5434386134147644,0.5434386134147644
附件3_07.pkl#0,0.18159273360305603,0.4272934815452046,0.39111378485173937,1,0.1541728526353836,0.1541728526353836
附件3_08.pkl#0,0.263852127241632,0.33687268272665005,0.399275190031718,2,0.11411326378583908,0.11411326378583908
附件3_09.pkl#0,0.012763609292400958,0.0966589884201701,0.8905774022874289,2,0.8765031099319458,0.8765031099319458
附件3_10.pkl#0,0.24791722463382185,0.6429786909525894,0.1091040844135886,1,-0.14779449999332428,-0.14779449999332428
附件3_11.pkl#0,0.08362070898829044,0.5022857179809626,0.41409357303074695,1,0.24000392854213715,0.24000392854213715
附件3_12.pkl#0,0.19746154681614647,0.3061021444550497,0.49643630872880384,2,0.2650390863418579,0.2650390863418579
附件3_13.pkl#0,0.0477593712436731,0.2663466230877098,0.6858940056686171,2,0.5347264409065247,0.5347264409065247
附件3_14.pkl#0,0.8386237753030035,0.08739865213340121,0.07397757256359531,0,-0.9358327388763428,-0.9358327388763428
附件3_15.pkl#0,0.04268290617441452,0.293632084448308,0.6636850093772775,2,0.46886301040649414,0.46886301040649414
附件3_16.pkl#0,0.0146281323109521,0.09253499291589094,0.892836874773157,2,0.9137701988220215,0.9137701988220215
附件3_17.pkl#0,0.31880956684860096,0.4375087107626591,0.24368172238874006,1,-0.04711022228002548,-0.04711022228002548
附件3_18.pkl#0,0.06280124769307716,0.31805981902651387,0.619138933280409,2,0.4457588791847229,0.4457588791847229
附件3_19.pkl#0,0.6328741574792328,0.2285065908260815,0.1386192516946857,0,-0.4206874370574951,-0.4206874370574951
附件3_20.pkl#0,0.2885272638592177,0.4900756650757983,0.22139707106498416,1,-0.0902043953537941,-0.0902043953537941
附件3_21.pkl#0,0.06199991857601792,0.3062628633725885,0.6317372180513935,2,0.3843413293361664,0.3843413293361664
附件3_22.pkl#0,0.11230451968403785,0.3006811191579395,0.5870143611580226,2,0.3354943096637726,0.3354943096637726
附件3_23.pkl#0,0.07434122881455293,0.3443561000056593,0.5813026711797877,2,0.33926722407341003,0.33926722407341003
附件3_24.pkl#0,0.5708164096899335,0.2120549771282392,0.21712861318182727,0,-0.30911484360694885,-0.30911484360694885
附件3_25.pkl#0,0.077586421701864,0.3226566015623566,0.5997569767357793,2,0.44330930709838867,0.44330930709838867
附件3_26.pkl#0,0.041264909156891884,0.2267522568859604,0.7319828339571477,2,0.5620589852333069,0.5620589852333069
附件3_27.pkl#0,0.050759709303862054,0.22990795084820295,0.7193323398479349,2,0.49498265981674194,0.49498265981674194
附件3_28.pkl#0,0.039058036218661794,0.3448560011621878,0.6160859626191505,2,0.43992435932159424,0.43992435932159424
附件3_29.pkl#0,0.0633505373789454,0.28271670395723314,0.6539327586638214,2,0.41777530312538147,0.41777530312538147
附件3_30.pkl#0,0.12468067672204289,0.461084639859787,0.4142346834181701,1,0.25230729579925537,0.25230729579925537
