path,bytes,sha256
01_赛题/赛题原文.docx,1004454,38cec978723bff36ab945fa98f6454558bb9084e2cd01d814dd6e38ab4b4c336
02_代码/aligned_dataset.py,6398,2c1ceee7f905ca6b4c8b05f8268f7d159890a14af367aaa9c793afde8e686cbd
02_代码/build_paper_bundle.py,6809,9ce9b701abc4221a92ae4b99009359f48446cc014bb2a1a50dcdf5e9cd47eb31
02_代码/p2.py,10783,41564d5c33078cb687d25e34857770b494f8f401cf8453f63fc7b62454e033ad
02_代码/pipeline.py,8581,1c41027c0fdfc6f930d5090df548fbc9bfe72a94a0d15b5c513b484df63cf2d6
02_代码/requirements-v5.txt,300,ffb171767add4b1b2e1fba5f44365255fea458e2d460d834d302c1e3d748b39a
02_代码/test_v5_contracts.py,32398,3dc117d716e1f7b7513a32ac9583721ea4f4553e245aec1eb87180168134a7be
02_代码/test_v5_export.py,11563,ce332558973d4e1f1db87dec6d863f39ed028daf63dbf747677a1ec6c4caa7a8
02_代码/v5_data.py,16849,564478bc6b61d32901971e4eba5075c5d8e3b2c9fcfdb1ae26fe1461caee8f30
02_代码/v5_export.py,50580,9ee9f00a32de5a9243a06c9dea41377aee9cd73a82e4c1c80939f2efb0c2799a
02_代码/v5_model.py,26071,606229389e0ea82bd4d90f7ac05ba10f3f1fed2db1cccb65092ec67e0639c6d8
02_代码/v5_run.py,155,88f2b175e641f944e57ca02bd618436943acf19f1ebc67799d7f03556d598105
02_代码/v5_train.py,73450,b19be2eadcfd7fb516e4b75fedbcf86409a9371489b10fa6fc5445b636899390
02_代码/verify_tokenizer.py,1685,7d7943ea5fa04cf80cf30381477cdeffa81dd467d1ee9ad6f5181d094aaa9017
02_代码/实验脚本/ablation_run.py,1421,a5c101cd6b93873ebfda391321fbd6554829668ebcd8c8fdabcf03ea84cc46dd
02_代码/实验脚本/audit_competition.py,8942,642649277032197b88e7b483e9bc19f6a271d9a532fc06a3029808e1a8933680
02_代码/实验脚本/build_paper_tables.py,4486,acc5abb8bd178478b12460217f61dc3e6ed6ccdf6d6ab6feef43610d098ebf62
02_代码/实验脚本/build_report.py,4879,b89d6b2f435c1c39ff3d0e305c238091efd3306b063fbe5fc88b50801682b9ae
02_代码/实验脚本/build_server_report.py,9732,ffa977d45cd9c86f4e8826a654b429ddb617a5988781cc437a98bc6549bd9feb
02_代码/实验脚本/export_controlled_predictions.py,4702,e53e41548c732cfa93c8e69ba2fca9cb2738c3e1a0068a4baf3e301934cfbee0
02_代码/实验脚本/inference_occlusion.py,3659,228d4d7a5510b526ae764c14e9b9ce2031354ab3bbfba6b948e25a9855e4f864
02_代码/实验脚本/mask_duration_audit.py,2244,c2fe0ffb0a9e4031a30d28d1e1b4f19f197474c26caf6de4a2518f5dd6948691
02_代码/实验脚本/merge_controlled_predictions.py,4081,95f9ac9b23300962dc08e86c005be1c05deea5a76f32599003be08935e50fff3
02_代码/实验脚本/run_controlled_ablation.ps1,1553,d28875e83c425f53f6265a55567b5caa521731ff599f1e5a3eced965fe59a4d4
02_代码/实验脚本/run_remaining.ps1,1721,9e93cfb2d467bbb89fa12187e2abc0f424b43c08b05349c58dcf6777385ac0e7
02_代码/实验脚本/run_server_ablations.sh,1181,a156000f220fc8fa5d49ceb9c141a3074d0dbe1de63db24dfbc7a208accdc8a7
02_代码/实验脚本/run_server_additional.sh,1259,8b2784c3688690dd89ed7bc8d8782aedd09220ea0df336b409806ebb50702b17
02_代码/实验脚本/run_server_quick_eval.sh,1044,965fdb701c8f8eaca90a4c162704e277c594d897b8553a53bb68ca913b425cf8
02_代码/实验脚本/summarize_required_analyses.py,11019,c9e3a9afdd3565ec193c34ba1cc15b7f77355e5dfa76169128a66bae3d944e4a
02_代码/实验脚本/verify_server_experiments.py,4121,f4186cf9a93f1e7c61c40739f0d7352b6b603470e71845c2410285c9cb0724cf
02_代码/配置/full_seed2718.json,1687,30c8254969507cc81c801aa620aaf8fdcaa4f3128b4f61098203d5e08e0f1d3b
02_代码/配置/full_seed3407.json,1687,ce21e7d6940b617f349334f043134aa7666b397bdfad4a65bf43c04c3e0eab91
02_代码/配置/no_av_direct_seed1729.json,1704,87bbbb2db59e2fa0a3859a6b32320d2a8665a9d7e4271f3359e8995ddccc9d68
02_代码/配置/no_missing_aug_seed1729.json,1706,48fd7fb2ad4772c6fc45d570158872bf2c29f8cfea7fb2afd8b3205531c00988
02_代码/配置/student_bert_base_retest_seed1729.json,1653,26e0018e1b93079fe7fb430572ab41aacb95b9c9237ac2165cf5fec2aff447ee
02_代码/配置/text_audio_seed1729.json,1765,5633fa49e30e51269bff7c5259ee46ffbeccb28906fc86b5d4c1a7a0c7220a6f
02_代码/配置/text_only_seed1729.json,1747,9c23c72add6768996ce8a52f8c7ace90d3b5ce1c2c9495492a0055fd9d87d351
02_代码/配置/text_vision_seed1729.json,1768,a9bebdb3a9ac6153d7922218121a3b0f791eb1cc9ddf21dfde8ab592613b0b06
03_模型记录/最终冻结检查点/best_validation.json,754,1039a7a82cdf9f3e0c3856f54ea7bd39505eff87ef1cadc55c9367e673f4418b
03_模型记录/最终冻结检查点/candidate_summary.json,4219,e51eacbeac2c4a9fe8815a79aafd9eb3776cf13d333059c755d60c9c688620cb
03_模型记录/最终冻结检查点/prepared_manifest.json,3086,e47c0d2d98f8a4c76933c635d4540e060a1b37d8936107f13bac3abbcec605d1
03_模型记录/最终冻结检查点/pretrained_provenance.json,1871,c6beeb65688dd317916ace714d9381074493e176666c8ce804acab54d59420ed
03_模型记录/最终冻结检查点/protocol.json,1721,c5bcd0091bf788f660bb283e50ba2859d4ac643bbbd7bcbe034905c847d8e7f1
03_模型记录/最终冻结检查点/scaler.json,6731,44a6aa4ec0d1cb7108b8bbfc9136aad4b38c46cbe6521c64f70bd7a9df5c2196
03_模型记录/最终冻结检查点/source_hashes.json,441,b86da362287aa6a9b20e62d916b4ea807eb0e7d33a9bb8651be839ec16078844
03_模型记录/最终冻结检查点/training_history.jsonl,5956,1bf41b8ed3b01a421f7785b82175dbc1b01df418a7e6be3cfa981574a6de32dc
04_实验结果/server_quick_results/outputs/bert_base_paper_20260926/no_av_direct_seed1729/validation_quick.json,4855,1341031edc1b9b76b872cc435ebd7af956b66ec0eb3cb705a3d511532c76530f
04_实验结果/server_quick_results/outputs/bert_base_paper_20260926/no_missing_aug_seed1729/validation_quick.json,4848,7786589830351af01fd217f3d43c5263f4d8b0db5e627a7187cf6f283f85098b
04_实验结果/server_quick_results/outputs/bert_base_paper_20260926/text_audio_seed1729/validation_quick.json,4821,e4ea27c96313dab2d02d17c3532e5bc17cf75a69dc40a7d4305831d8f29a2071
04_实验结果/server_quick_results/outputs/bert_base_paper_20260926/text_only_seed1729/validation_quick.json,4852,12225509e66bf574e8bd7ee8c1d7a3885cce74cd27b1bacb44195d6c4d186cb1
04_实验结果/server_quick_results/outputs/bert_base_paper_20260926/text_vision_seed1729/validation_quick.json,4849,3387215d9a4586dbf3c12827b34829273c3e36d61876b6e34340e6c863949103
04_实验结果/server_quick_results/outputs/bert_base_vs_minilm_20260926/student_bert_base_retest_seed1729/validation_quick.json,4851,7b0b38751136e7695bf3e18dd2a688b9a205eee5a1480f9766b3aca3cd09315e
04_实验结果/server_replication_snapshot/evaluate_three_seed_test.py,2664,0fcfeec8ebf4803158f52c3a74a8b45e5712af09603b1ae2ddc4071551611739
04_实验结果/server_replication_snapshot/full_seed2718/best_validation.json,713,ca712bb2bf1140d1bea56dabddf91285313e525a92c41bce21c4a077cddaf01d
04_实验结果/server_replication_snapshot/full_seed2718/candidate_summary.json,4020,213316cb55a665dd5e20cb87224f91e8ec4b44596d73dd6fd2560c95c12a8df7
04_实验结果/server_replication_snapshot/full_seed2718/validation_quick.json,4842,e88c309a307753c7dc3bbc23a5fda62b42a7cdca815e4acd4125128acaac1a14
04_实验结果/server_replication_snapshot/full_seed2718.json,1687,30c8254969507cc81c801aa620aaf8fdcaa4f3128b4f61098203d5e08e0f1d3b
04_实验结果/server_replication_snapshot/full_seed3407/best_validation.json,715,27eed455ffd97d2fa92b08d5775f089756653e68d9b8d699b6932c9d9fc9856d
04_实验结果/server_replication_snapshot/full_seed3407/candidate_summary.json,4026,5cd765f561db795b9cafd9b52c430de55308bd15ebeccabb77273afe9aa048da
04_实验结果/server_replication_snapshot/full_seed3407/validation_quick.json,4852,ecac7263d09878426007f51fabdce1a5e39146b5597ecb01fd256412186b7587
04_实验结果/server_replication_snapshot/full_seed3407.json,1687,ce21e7d6940b617f349334f043134aa7666b397bdfad4a65bf43c04c3e0eab91
04_实验结果/server_replication_snapshot/no_av_direct_seed2718/best_validation.json,712,112787742ffb908d9f08f063f5367b13bc55c5de9dfcaf2fa7de798c576608a7
04_实验结果/server_replication_snapshot/no_av_direct_seed2718/candidate_summary.json,4032,a2a2c911d1c30e40640b36c4d5c6e2056c1cc36636eedd2bea4e73c4eed96521
04_实验结果/server_replication_snapshot/no_av_direct_seed2718/validation_quick.json,4849,a5009543e4d498e01cd3b82969951a5c6f47ff35aa0371a7456e65907d87ece9
04_实验结果/server_replication_snapshot/no_av_direct_seed2718.json,1636,d91f5f35fa45f6d7a04507a5879345ec510d81e7816f2166f499844403b4cdae
04_实验结果/server_replication_snapshot/no_av_direct_seed3407/best_validation.json,715,dc920fe9d1874a7bd1121035e8a6af34843405852f2a0926d2d062a0187fb2eb
04_实验结果/server_replication_snapshot/no_av_direct_seed3407/candidate_summary.json,4035,3d32333a077d9f1e570fccf17bfd86225739affdc4fe560a0ccd1db62740585a
04_实验结果/server_replication_snapshot/no_av_direct_seed3407/validation_quick.json,4852,634649b5eae65b41a4481e56ebefa73d91169b1fb234b0e0ca95a55390c1d1b8
04_实验结果/server_replication_snapshot/no_av_direct_seed3407.json,1636,0e6d39c285b1be4098b6b71fe0bddbbabc69da50f01879064cc2e9528e5a0cb4
04_实验结果/server_replication_snapshot/run_posttrain_evals.log,157,960535955c0d8fd3eafeef9f68f53d43731877db656a5d2a781ce68f5014a58a
04_实验结果/server_replication_snapshot/run_posttrain_evals.sh,864,a535bb4619be461672a481446366db160ef3f38ee13f0c2322d7d613c160f826
04_实验结果/server_replication_snapshot/run_seed_replication.log,236,dc8161c953a9b55a8c1b78e7c15f540765c0d42d2021fe22388397175a757002
04_实验结果/server_replication_snapshot/run_seed_replication.sh,1030,ad93300cfdf7d3679156701d5934b10d418aff7be73eea2d15685a35dd68b2bd
04_实验结果/server_replication_snapshot/text_audio_seed2718/best_validation.json,711,47fa0ee01ebf99f12f66024b673c58d7418c8efddd4b884725f48999dd42018c
04_实验结果/server_replication_snapshot/text_audio_seed2718/candidate_summary.json,4089,d2e5e1f5278b6cfb9e5f35e33cf1446df19d4fd0b488d6a84ecb7cbb77bb2526
04_实验结果/server_replication_snapshot/text_audio_seed2718.json,1693,7a5ec211f14a63ba6fc33321b19dee43e91dc49fa1dea88062f36ceea2a03477
04_实验结果/server_replication_snapshot/text_audio_seed3407/best_validation.json,715,0d7e96420f21f7092a10b5c1f9f9b8296e2f9eb85f5372734729b96fb70d7c3c
04_实验结果/server_replication_snapshot/text_audio_seed3407/candidate_summary.json,4089,166aa5f9d04ebceda026ed3799047fe268f66621c1cf616bfd12ef5a5f92725f
04_实验结果/server_replication_snapshot/text_audio_seed3407.json,1693,f2743c4b7f07d57d8fc87ac0b8a01315fba1d18ca751a27d5960b57376253e83
04_实验结果/server_replication_snapshot/text_only_seed2718/best_validation.json,714,ea128dac63c857710bf9fba7903445a146bd30c9fdc022316fadcbe90e9aee2c
04_实验结果/server_replication_snapshot/text_only_seed2718/candidate_summary.json,4079,0ec3c9a23b0d994ef6279f9bbf2644ae15ce10292f453ad18dcdf0655b7e39e5
04_实验结果/server_replication_snapshot/text_only_seed2718.json,1676,252af55b2391817e9e825c28191354abdafd4649895503faff076bdc85db17b0
04_实验结果/server_replication_snapshot/text_only_seed3407/best_validation.json,702,65ac3d51f3af9e3f734d766dd8956a05b721e107b357c597d16a68d9224da86e
04_实验结果/server_replication_snapshot/text_only_seed3407/candidate_summary.json,4061,a306e9f68284df37bad42dc55b57d2e6a05820451bfd051d18429ac993c8906e
04_实验结果/server_replication_snapshot/text_only_seed3407.json,1676,5319c973a0f2d53b8c02b7ea3af1195009475f06fffb16ce69807b86fc66a401
04_实验结果/server_replication_snapshot/text_vision_seed2718/best_validation.json,713,20a63072088e06f36772cf13ecc37e6496eb0a1a70c223c084eb4c57a9ae05d9
04_实验结果/server_replication_snapshot/text_vision_seed2718/candidate_summary.json,4097,3f6b61528167c9748e525286d24a90b9949c24128d1ab15abbb0a4701be6666c
04_实验结果/server_replication_snapshot/text_vision_seed2718.json,1696,ef72f46f7537aeea68d483acafcd65502ac289a69d4dcdf0848f02d4bb02a688
04_实验结果/server_replication_snapshot/text_vision_seed3407/best_validation.json,716,8a2fcd23179aee9a0c953bc9531b1ad29f7c1d0f278ae2ac40b084532a5e20d7
04_实验结果/server_replication_snapshot/text_vision_seed3407/candidate_summary.json,4084,ffa138fc6f0aefe8ffcd7767f1fddcfcc988acc98fea842ede6998d4ad2e5457
04_实验结果/server_replication_snapshot/text_vision_seed3407.json,1696,3ade1d9d0060bde20dc903371c3d8cb4475e0a79af5538a292bffae063251cde
04_实验结果/server_replication_snapshot/three_seed_test_per_sample.csv,56271,2150af1670ed9a9bedbe1d2d6ebb419acc0d09d2fe55f73783efa164e6408da1
04_实验结果/server_replication_snapshot/three_seed_test_summary.json,4956,259af2da8b7034183c79489424c05c816f615756bd4982d65a402e810b144027
04_实验结果/本地最终模型/bert_base_v5_validation_32.json,24558,69534810b0483b45bf46cb6d7563b8dfe11bd0827efad6b2f5986e0cfb82639a
04_实验结果/本地最终模型/freeze_student_bert_base_retest_seed1729.json,31013,6e745b5cf3c2230df1adf3d5b019a8ac343bcac666c2d1df3d5dbd6a35510499
04_实验结果/本地最终模型/grid_student_bert_base_retest_seed1729.json,63630,39074f40f283e132d69fc387080009033c59cf67561c3fb6c638f7025daa908b
04_实验结果/本地最终模型/grid_student_bert_base_retest_seed1729.npz,314915,f6a61c838a87f672b8ab12eeef7622dcea2a9be6936fe7e69ea21d9718462ced
04_实验结果/本地最终模型/student_bert_base_retest_seed1729_attachment3_predictions.csv,3642,6af2824e8bffde242e156effaad625a39c4a9bcab99c61f8ef25880e4aa84bfc
04_实验结果/本地最终模型/student_bert_base_retest_seed1729_freeze_pre_official_test_snapshot.json,30851,461695b5245f0af4402e17f478ea56d83b0e16a465252370710e9ff289b6ac0f
04_实验结果/本地最终模型/student_bert_base_retest_seed1729_official_test.json,922,2b795401acce704544b7a568d23c2d38f9637257de230c2705c59a6624418c4b
04_实验结果/本地最终模型/student_bert_base_retest_seed1729_package_validation_v4_32.json,24906,9884f5daf679f8bcec04fcd6e4b239841a0861ef3476969eaea4e294d3750c1e
04_实验结果/本地最终模型/问题2_缺失影响规律分析.md,13193,08f3b4bee1295e96b9c19f868e670b7f21f60d32a32d6f9d3b0e8a6c654a41fb
04_实验结果/论文分析/attachment3_morphology_summary.json,1016,407076f0fe5366a2645bc8da72c9cf7d236c9b2c86455c0bc2d1f02e9d1a5206
04_实验结果/论文分析/attachment3_prediction_and_morphology.csv,6279,808b91a836364e28a3038011d484908a08379e99e0c1ec5656aad78fe79b7bd1
04_实验结果/论文分析/BERT-Base_两种子与流程核对.md,2843,ab3d763b66a9c9b91209a433b99a233f06446265778343a872325d3aed157ecc
04_实验结果/论文分析/bert_base_degradation_by_modality_rate.csv,3351,0a318e003044572b08baf82ea4cffa43a98e70114c842645b431a517db77eea0
04_实验结果/论文分析/bert_base_missing_grid_metrics.csv,29424,65e17bed746f0cc51af92e47cf5ca5174cdf4d05eab53a9476b0784ec2fee943
04_实验结果/论文分析/competition_audit.json,2100,d0f6bfbafd1d0cdaa3f84fbd46c5ea8ae39de9968cfbce5509d62dd79b46f4c7
04_实验结果/论文分析/controlled_valid_local_per_sample.csv,159101,9303c4d9ff7e29d02d00ef628d445d1dd2af0081d8d0df30497ed4e612c58a01
04_实验结果/论文分析/controlled_valid_local_summary.json,1770,d40914f4a5100227a4cbd18e382f9716fc8944478ed7263833e6ca31ae5a966f
04_实验结果/论文分析/controlled_valid_server_all_per_sample.csv,433921,096717c0024cf9157569cdd5ed16c56b778bf07768916c86cab25c0bcc2553f4
04_实验结果/论文分析/controlled_valid_server_all_summary.json,4994,4f5440d2a20576bbf49f8f02672baac7aaf6c74903788b17a179b8d2c9cd528e
04_实验结果/论文分析/experiment_metrics.csv,517,15503c6dbc4623380ea88d894ba8bebe9cd800d7204a7e2809c3f03ae07c185a
04_实验结果/论文分析/realized_missing_lengths.csv,11691,e738fc4ca72e911d9832c2ab83328ca3df41f8d626029ece35a24a2402baec8f
04_实验结果/论文分析/server_controlled_missing_quick.csv,601,18c38fad3718b63d041fe0b739794b588c0d3fce419f963159cf47ceb2658e39
04_实验结果/论文分析/server_controlled_pairwise_bootstrap.csv,1165,6ba0c84631cdddd6f0c75e7c92cd08658b85f23e7e1fd1458db6e456814cc1f6
04_实验结果/论文分析/server_experiment_verification.json,10146,c24f6ef59d26f266fe3ae2e79ffe65418c47e27c883e86819b5c860e918d21cc
04_实验结果/论文分析/validation_error_attribution_per_sample.csv,86023,eaac71d68b5fc26e9cd5f7b58178163b5b4ac55f15152215f4da729e2d1f1d67
04_实验结果/论文分析/validation_error_attribution_summary.json,1177,777a4ebafb850984bedd64e81ccbc98f087d905fce8dabd1f6cbfa1bf38266ce
04_实验结果/论文分析/三种子分支消融与测试集复核.md,3366,b2fe32da788d76d6143006dd8f475c726f0d0c631566a8a145702054f959996c
04_实验结果/论文分析/服务器同骨干消融与三种子复核.md,4622,2e733f13afe07fb552d5002ee974d1ff306f223dc455b6fea61b11632a6290a7
04_实验结果/论文分析/论文用_统一消融四指标.csv,1777,8dae2fe98c433d03c121b79699cfc903d53e31242c3148c71796b063b7ba0164
04_实验结果/论文分析/论文用_训练配置与消融总表.md,2731,ccc336ac4650174f2b7da7b52e0f2e1f108abbc6e0e76fa432980abcfb640783
04_实验结果/论文分析/问题2_P0_P1必要实验核对.md,4708,4ba8c0f7f6f0f3d654fc4c752fa6a8823aeb13a940ddb187d170498e0c46a14f
04_实验结果/附件3_30条最终预测.csv,3649,353bfe329ea546171aa4ff4c2d6474681148544215ba65dbd520b225f303a81f
README.md,1625,b4b831b91264724280fa15ce9af795802fb81be1bc0dc0e4489635214d41802c
