sample_id,extent_slots,content_slots,negative_probability,neutral_probability,positive_probability,predicted_class,intensity_raw,intensity_clipped,text_observed_slots,text_missing_slots,text_missing_fraction,text_gap_count,text_longest_gap_slots,text_longest_gap_start,audio_observed_slots,audio_missing_slots,audio_missing_fraction,audio_gap_count,audio_longest_gap_slots,audio_longest_gap_start,vision_observed_slots,vision_missing_slots,vision_missing_fraction,vision_gap_count,vision_longest_gap_slots,vision_longest_gap_start
附件3_01.pkl#0,8,6,0.8418401809225862,0.116915308240708,0.04124451083670591,0,-0.9599667191505432,-0.9599667191505432,6,0,0.0,0,0,,6,0,0.0,0,0,,6,0,0.0,0,0,
附件3_02.pkl#0,30,28,0.21697012735569562,0.6266475439791004,0.156382328665204,1,-0.04591792821884155,-0.04591792821884155,28,0,0.0,0,0,,23,5,0.17857142857142858,4,2,9,23,5,0.17857142857142858,4,2,9
附件3_03.pkl#0,34,32,0.13639745298201925,0.49683355178435723,0.36676899523362366,1,0.1487605720758438,0.1487605720758438,32,0,0.0,0,0,,27,5,0.15625,5,1,6,23,9,0.28125,5,4,23
附件3_04.pkl#0,33,31,0.08455053471403945,0.3573641826711509,0.5580852826148096,2,0.3493483364582062,0.3493483364582062,31,0,0.0,0,0,,29,2,0.06451612903225806,2,1,6,29,2,0.06451612903225806,2,1,6
附件3_05.pkl#0,14,12,0.893633113544099,0.06355460908350327,0.0428122773723976,0,-1.1175600290298462,-1.1175600290298462,12,0,0.0,0,0,,12,0,0.0,0,0,,12,0,0.0,0,0,
附件3_06.pkl#0,27,25,0.033104260311953876,0.2612574868466144,0.7056382528414317,2,0.5434386134147644,0.5434386134147644,25,0,0.0,0,0,,22,3,0.12,3,1,14,22,3,0.12,3,1,14
附件3_07.pkl#0,23,21,0.18159273360305603,0.4272934815452046,0.39111378485173937,1,0.1541728526353836,0.1541728526353836,21,0,0.0,0,0,,18,3,0.14285714285714285,3,1,10,18,3,0.14285714285714285,3,1,10
附件3_08.pkl#0,17,15,0.263852127241632,0.33687268272665005,0.399275190031718,2,0.11411326378583908,0.11411326378583908,15,0,0.0,0,0,,13,2,0.13333333333333333,1,2,9,13,2,0.13333333333333333,1,2,9
附件3_09.pkl#0,16,14,0.012763609292400958,0.0966589884201701,0.8905774022874289,2,0.8765031099319458,0.8765031099319458,14,0,0.0,0,0,,12,2,0.14285714285714285,1,2,3,12,2,0.14285714285714285,1,2,3
附件3_10.pkl#0,8,6,0.24791722463382185,0.6429786909525894,0.1091040844135886,1,-0.14779449999332428,-0.14779449999332428,6,0,0.0,0,0,,6,0,0.0,0,0,,6,0,0.0,0,0,
附件3_11.pkl#0,16,14,0.08362070898829044,0.5022857179809626,0.41409357303074695,1,0.24000392854213715,0.24000392854213715,14,0,0.0,0,0,,10,4,0.2857142857142857,3,2,4,10,4,0.2857142857142857,3,2,4
附件3_12.pkl#0,15,13,0.19746154681614647,0.3061021444550497,0.49643630872880384,2,0.2650390863418579,0.2650390863418579,13,0,0.0,0,0,,11,2,0.15384615384615385,2,1,5,11,2,0.15384615384615385,2,1,5
附件3_13.pkl#0,21,19,0.0477593712436731,0.2663466230877098,0.6858940056686171,2,0.5347264409065247,0.5347264409065247,19,0,0.0,0,0,,17,2,0.10526315789473684,2,1,5,17,2,0.10526315789473684,2,1,5
附件3_14.pkl#0,25,23,0.8386237753030035,0.08739865213340121,0.07397757256359531,0,-0.9358327388763428,-0.9358327388763428,23,0,0.0,0,0,,21,2,0.08695652173913043,1,2,21,21,2,0.08695652173913043,1,2,21
附件3_15.pkl#0,29,27,0.04268290617441452,0.293632084448308,0.6636850093772775,2,0.46886301040649414,0.46886301040649414,27,0,0.0,0,0,,24,3,0.1111111111111111,3,1,2,24,3,0.1111111111111111,3,1,2
附件3_16.pkl#0,36,34,0.0146281323109521,0.09253499291589094,0.892836874773157,2,0.9137701988220215,0.9137701988220215,34,0,0.0,0,0,,30,4,0.11764705882352941,4,1,5,30,4,0.11764705882352941,4,1,5
附件3_17.pkl#0,24,22,0.31880956684860096,0.4375087107626591,0.24368172238874006,1,-0.04711022228002548,-0.04711022228002548,22,0,0.0,0,0,,14,8,0.36363636363636365,6,3,1,14,8,0.36363636363636365,6,3,1
附件3_18.pkl#0,19,17,0.06280124769307716,0.31805981902651387,0.619138933280409,2,0.4457588791847229,0.4457588791847229,17,0,0.0,0,0,,14,3,0.17647058823529413,2,2,2,14,3,0.17647058823529413,2,2,2
附件3_19.pkl#0,26,24,0.6328741574792328,0.2285065908260815,0.1386192516946857,0,-0.4206874370574951,-0.4206874370574951,24,0,0.0,0,0,,17,7,0.2916666666666667,5,2,3,17,7,0.2916666666666667,5,2,3
附件3_20.pkl#0,50,48,0.2885272638592177,0.4900756650757983,0.22139707106498416,1,-0.0902043953537941,-0.0902043953537941,48,0,0.0,0,0,,34,14,0.2916666666666667,9,4,38,34,14,0.2916666666666667,9,4,38
附件3_21.pkl#0,11,9,0.06199991857601792,0.3062628633725885,0.6317372180513935,2,0.3843413293361664,0.3843413293361664,9,0,0.0,0,0,,6,3,0.3333333333333333,3,1,2,6,3,0.3333333333333333,3,1,2
附件3_22.pkl#0,19,17,0.11230451968403785,0.3006811191579395,0.5870143611580226,2,0.3354943096637726,0.3354943096637726,17,0,0.0,0,0,,13,4,0.23529411764705882,4,1,7,13,4,0.23529411764705882,4,1,7
附件3_23.pkl#0,15,13,0.07434122881455293,0.3443561000056593,0.5813026711797877,2,0.33926722407341003,0.33926722407341003,13,0,0.0,0,0,,9,4,0.3076923076923077,2,3,10,9,4,0.3076923076923077,2,3,10
附件3_24.pkl#0,10,8,0.5708164096899335,0.2120549771282392,0.21712861318182727,0,-0.30911484360694885,-0.30911484360694885,8,0,0.0,0,0,,6,2,0.25,2,1,1,6,2,0.25,2,1,1
附件3_25.pkl#0,11,9,0.077586421701864,0.3226566015623566,0.5997569767357793,2,0.44330930709838867,0.44330930709838867,9,0,0.0,0,0,,7,2,0.2222222222222222,2,1,1,7,2,0.2222222222222222,2,1,1
附件3_26.pkl#0,24,22,0.041264909156891884,0.2267522568859604,0.7319828339571477,2,0.5620589852333069,0.5620589852333069,22,0,0.0,0,0,,16,6,0.2727272727272727,5,2,15,16,6,0.2727272727272727,5,2,15
附件3_27.pkl#0,23,21,0.050759709303862054,0.22990795084820295,0.7193323398479349,2,0.49498265981674194,0.49498265981674194,21,0,0.0,0,0,,13,8,0.38095238095238093,5,3,2,13,8,0.38095238095238093,5,3,2
附件3_28.pkl#0,35,33,0.039058036218661794,0.3448560011621878,0.6160859626191505,2,0.43992435932159424,0.43992435932159424,33,0,0.0,0,0,,22,11,0.3333333333333333,6,3,10,22,11,0.3333333333333333,6,3,10
附件3_29.pkl#0,20,18,0.0633505373789454,0.28271670395723314,0.6539327586638214,2,0.41777530312538147,0.41777530312538147,18,0,0.0,0,0,,10,8,0.4444444444444444,4,4,7,10,8,0.4444444444444444,4,4,7
附件3_30.pkl#0,26,24,0.12468067672204289,0.461084639859787,0.4142346834181701,1,0.25230729579925537,0.25230729579925537,24,0,0.0,0,0,,12,12,0.5,6,4,7,12,12,0.5,6,4,7
