case,missing_modalities,position,nominal_rate,mean_realized_fraction_of_extent,n,accuracy,macro_f1,mae,pearson,accuracy_drop_from_complete,macro_f1_drop_from_complete,mae_increase_from_complete,negative_recall,neutral_recall,positive_recall
complete,none,none,0.0,0.0,728,0.6510989010989011,0.6158206248308972,0.570786556105544,0.6791473704370088,0.0,0.0,0.0,0.6601941747572816,0.3858695652173913,0.7899408284023669
text|start|0.1,text,start,0.1,0.07675770305663883,728,0.6442307692307693,0.6089423018590733,0.577971588481847,0.6674331531536224,0.006868131868131844,0.006878322971823891,0.00718503237630308,0.6456310679611651,0.3858695652173913,0.7840236686390533
text|start|0.3,text,start,0.3,0.2781564167416375,728,0.6277472527472527,0.5950099300079054,0.6023874823298244,0.6233509415212269,0.02335164835164838,0.020810694822991804,0.03160092622428046,0.6310679611650486,0.391304347826087,0.7544378698224852
text|start|0.5,text,start,0.5,0.487406604519233,728,0.5892857142857143,0.5679655484095301,0.6495409686601936,0.5363871102281125,0.061813186813186816,0.047855076421367104,0.07875441255464966,0.558252427184466,0.46195652173913043,0.6775147928994083
text|start|0.7,text,start,0.7,0.6755880999250683,728,0.5315934065934066,0.5168135372185018,0.6925610559218522,0.449140041558084,0.11950549450549453,0.0990070876123954,0.12177449981630828,0.4320388349514563,0.5489130434782609,0.5828402366863905
text|middle|0.1,text,middle,0.1,0.07675770305663883,728,0.6524725274725275,0.6236884095687206,0.574748743546789,0.6719183759542815,-0.0013736263736263687,-0.007867784737823458,0.003962187441244991,0.6699029126213593,0.42391304347826086,0.7662721893491125
text|middle|0.3,text,middle,0.3,0.2781564167416375,728,0.6181318681318682,0.5962118223890586,0.5992071233590001,0.6286111710259344,0.03296703296703296,0.019608802441838602,0.028420567253456097,0.6067961165048543,0.45108695652173914,0.7159763313609467
text|middle|0.5,text,middle,0.5,0.487406604519233,728,0.5755494505494505,0.5615947174715706,0.6506700472068937,0.5455215982435364,0.07554945054945061,0.05422590735932653,0.07988349110134974,0.5097087378640777,0.5380434782608695,0.636094674556213
text|middle|0.7,text,middle,0.7,0.6755880999250683,728,0.47115384615384615,0.46817375067375067,0.6979775903848829,0.44004051499215696,0.17994505494505497,0.1476468741571465,0.12719103427933898,0.3592233009708738,0.625,0.4556213017751479
text|end|0.1,text,end,0.1,0.07675770305663883,728,0.6195054945054945,0.5826838570250094,0.5893562321652208,0.6411581765316539,0.03159340659340659,0.03313676780588781,0.018569676059676854,0.6116504854368932,0.358695652173913,0.7662721893491125
text|end|0.3,text,end,0.3,0.2781564167416375,728,0.5741758241758241,0.5460973318879608,0.6178938245277975,0.5987464068708108,0.07692307692307698,0.06972329294293633,0.047107268422253545,0.5339805825242718,0.3858695652173913,0.7011834319526628
text|end|0.5,text,end,0.5,0.487406604519233,728,0.5618131868131868,0.5436292706770466,0.6484280131356842,0.5451244913196187,0.0892857142857143,0.07219135415385058,0.07764145703014025,0.49514563106796117,0.483695652173913,0.6449704142011834
text|end|0.7,text,end,0.7,0.6755880999250683,728,0.47527472527472525,0.46585978437313286,0.7030675351465566,0.4445939574761117,0.17582417582417587,0.1499608404577643,0.13228097904101266,0.34951456310679613,0.5652173913043478,0.5029585798816568
text|random|0.1,text,random,0.1,0.07675770305663883,728,0.6373626373626373,0.6068521037152362,0.582693563884247,0.6569429350070705,0.013736263736263798,0.008968521115660932,0.011907007778703016,0.6359223300970874,0.4076086956521739,0.7633136094674556
text|random|0.3,text,random,0.3,0.2781564167416375,728,0.635989010989011,0.6134551323591082,0.6051781338573674,0.6081251273526991,0.015109890109890167,0.002365492471788966,0.03439157775182344,0.6116504854368932,0.483695652173913,0.7337278106508875
text|random|0.5,text,random,0.5,0.487406604519233,728,0.6057692307692307,0.5878845429371488,0.6398303388735628,0.5534872415813389,0.04532967032967039,0.02793608189374841,0.06904378276801881,0.5242718446601942,0.5489130434782609,0.6863905325443787
text|random|0.7,text,random,0.7,0.6755880999250683,728,0.5123626373626373,0.504319102670682,0.6897186091771621,0.467110937601941,0.1387362637362638,0.11150152216021514,0.11893205307161814,0.4029126213592233,0.6032608695652174,0.5295857988165681
audio|start|0.1,audio,start,0.1,0.03463814332355384,728,0.6497252747252747,0.6138860897877059,0.5704895410748138,0.6794712770544051,0.0013736263736263687,0.0019345350431912989,-0.00029701503073020774,0.6601941747572816,0.3804347826086957,0.7899408284023669
audio|start|0.3,audio,start,0.3,0.2289316110640209,728,0.6483516483516484,0.6131850995541768,0.5705594131006644,0.6793072380782053,0.0027472527472527375,0.0026355252767203963,-0.00022714300487958194,0.6650485436893204,0.3804347826086957,0.7840236686390533
audio|start|0.5,audio,start,0.5,0.43607557173538924,728,0.6552197802197802,0.6237243535348643,0.5721311830278425,0.677595432719563,-0.004120879120879106,-0.007903728703967161,0.0013446269222985308,0.6650485436893204,0.41304347826086957,0.7810650887573964
audio|start|0.7,audio,start,0.7,0.6239823418664991,728,0.657967032967033,0.6286375406933449,0.5731168821413111,0.6767804872315099,-0.006868131868131844,-0.012816915862447709,0.002330326035767105,0.6504854368932039,0.44021739130434784,0.7810650887573964
audio|middle|0.1,audio,middle,0.1,0.07662034041927619,728,0.6483516483516484,0.6123442241082236,0.570804985050767,0.6790239259408527,0.0027472527472527375,0.0034764007226735227,1.842894522308125e-05,0.6553398058252428,0.3804347826086957,0.7899408284023669
audio|middle|0.3,audio,middle,0.3,0.2777443288295496,728,0.6510989010989011,0.6143027120450972,0.571141433721705,0.6788252535418052,0.0,0.0015179127857999353,0.0003548776161610423,0.6553398058252428,0.3804347826086957,0.7958579881656804
audio|middle|0.5,audio,middle,0.5,0.48454488290751135,728,0.6524725274725275,0.6185234095041402,0.5722626316857493,0.6775941135022391,-0.0013736263736263687,-0.0027027846732430305,0.0014760755802053493,0.6504854368932039,0.3967391304347826,0.7928994082840237
audio|middle|0.7,audio,middle,0.7,0.6711238142107825,728,0.6538461538461539,0.6198980967982773,0.5725776300468779,0.6761236022623895,-0.0027472527472527375,-0.004077471967380175,0.0017910739413339316,0.6601941747572816,0.3967391304347826,0.7899408284023669
audio|end|0.1,audio,end,0.1,0.034665615851026364,728,0.6497252747252747,0.6138860897877059,0.5708560516861405,0.6789843583316684,0.0013736263736263687,0.0019345350431912989,6.949558059654581e-05,0.6601941747572816,0.3804347826086957,0.7899408284023669
audio|end|0.3,audio,end,0.3,0.22895908359149342,728,0.6456043956043956,0.6086641373477123,0.5708419456860501,0.6788186337068612,0.005494505494505475,0.00715648748318487,5.538958050610443e-05,0.6601941747572816,0.3641304347826087,0.7899408284023669
audio|end|0.5,audio,end,0.5,0.4361030442628617,728,0.6456043956043956,0.6098159534149873,0.570965550800243,0.6788536856402169,0.005494505494505475,0.006004671415909879,0.00017899469469906393,0.6601941747572816,0.3695652173913043,0.7869822485207101
audio|end|0.7,audio,end,0.7,0.6240098143939717,728,0.6456043956043956,0.6090382488329348,0.5724381685658655,0.6768831609994975,0.005494505494505475,0.0067823759979623865,0.0016516124603215276,0.6553398058252428,0.3695652173913043,0.7899408284023669
audio|random|0.1,audio,random,0.1,0.07146873836622097,728,0.6497252747252747,0.6138860897877059,0.5704788934403601,0.6797613600464101,0.0013736263736263687,0.0019345350431912989,-0.0003076626651838943,0.6601941747572816,0.3804347826086957,0.7899408284023669
audio|random|0.3,audio,random,0.3,0.260848985162081,728,0.6497252747252747,0.6136812723367185,0.5703563332752131,0.6799361571474196,0.0013736263736263687,0.0021393524941786257,-0.00043022283033089526,0.6601941747572816,0.3804347826086957,0.7899408284023669
audio|random|0.5,audio,random,0.5,0.45761759715697614,728,0.6524725274725275,0.6180486685032139,0.5715536013716361,0.6788565515607017,-0.0013736263736263687,-0.0022280436723167707,0.00076704526609217,0.6650485436893204,0.391304347826087,0.7869822485207101
audio|random|0.7,audio,random,0.7,0.6357756480393396,728,0.6497252747252747,0.6143485029027197,0.5732116245160617,0.677304223760541,0.0013736263736263687,0.0014721219281774722,0.0024250684105177056,0.6553398058252428,0.3858695652173913,0.7899408284023669
vision|start|0.1,vision,start,0.1,0.032959510633879925,728,0.6497252747252747,0.6138860897877059,0.5708089095942042,0.6792027853655194,0.0013736263736263687,0.0019345350431912989,2.2353488660198373e-05,0.6601941747572816,0.3804347826086957,0.7899408284023669
vision|start|0.3,vision,start,0.3,0.21642223805836244,728,0.6497252747252747,0.6128533608084945,0.5704519385830141,0.6794278470969202,0.0013736263736263687,0.0029672640224026603,-0.00033461752252983423,0.6601941747572816,0.375,0.7928994082840237
vision|start|0.5,vision,start,0.5,0.41189294665338355,728,0.646978021978022,0.6101305281084121,0.5708990885535828,0.6787400934058108,0.004120879120879106,0.005690096722485105,0.0001125324480388823,0.6601941747572816,0.3695652173913043,0.7899408284023669
vision|start|0.7,vision,start,0.7,0.5873532131425893,728,0.6510989010989011,0.6155205904123507,0.5696618742358124,0.6793889905465543,0.0,0.0003000344185464243,-0.0011246818697315808,0.6601941747572816,0.3804347826086957,0.7928994082840237
vision|middle|0.1,vision,middle,0.1,0.07229154412379639,728,0.6483516483516484,0.6119426139961084,0.5705028610671155,0.6794569038604141,0.0027472527472527375,0.003878010834788781,-0.00028369503842851085,0.6601941747572816,0.375,0.7899408284023669
vision|middle|0.3,vision,middle,0.3,0.2618613817089983,728,0.6483516483516484,0.6125811696545804,0.5700979445712989,0.6796588769049493,0.0027472527472527375,0.003239455176316741,-0.0006886115342450427,0.6553398058252428,0.3804347826086957,0.7899408284023669
vision|middle|0.5,vision,middle,0.5,0.4558675621015918,728,0.6442307692307693,0.6063611937976069,0.5691566107344332,0.6795702603560129,0.006868131868131844,0.009459431033290278,-0.0016299453711107192,0.6553398058252428,0.358695652173913,0.7928994082840237
vision|middle|0.7,vision,middle,0.7,0.6306578631258247,728,0.6442307692307693,0.6097427485248054,0.568786556185172,0.6789261025633775,0.006868131868131844,0.006077876306091801,-0.00199999992037192,0.6553398058252428,0.3804347826086957,0.7810650887573964
vision|end|0.1,vision,end,0.1,0.03228001094942138,728,0.6497252747252747,0.6138860897877059,0.5709513044675587,0.6789890420952605,0.0013736263736263687,0.0019345350431912989,0.00016474836201474385,0.6601941747572816,0.3804347826086957,0.7899408284023669
vision|end|0.3,vision,end,0.3,0.21419280760223822,728,0.6456043956043956,0.6108369669399903,0.5717986050870393,0.6787951903423547,0.005494505494505475,0.004983657890906823,0.001012048981495317,0.6601941747572816,0.3804347826086957,0.7810650887573964
vision|end|0.5,vision,end,0.5,0.4079596520507069,728,0.6442307692307693,0.6102069031695256,0.5716427830713136,0.6786793869067267,0.006868131868131844,0.005613721661371529,0.0008562269657695909,0.6553398058252428,0.3858695652173913,0.7781065088757396
vision|end|0.7,vision,end,0.7,0.584747361249996,728,0.646978021978022,0.6148766410427904,0.5717858270790612,0.6779107658801032,0.004120879120879106,0.0009439837881067836,0.0009992709735172634,0.6553398058252428,0.40217391304347827,0.7751479289940828
vision|random|0.1,vision,random,0.1,0.06623467145843895,728,0.6510989010989011,0.6150351251154472,0.5708968225421364,0.6790578148296534,0.0,0.0007854997154499443,0.00011026643659239888,0.6601941747572816,0.3804347826086957,0.7928994082840237
vision|random|0.3,vision,random,0.3,0.24377806950696632,728,0.6510989010989011,0.6149312586883289,0.571240662231243,0.6790197704161043,0.0,0.000889366142568293,0.00045410612569907194,0.6601941747572816,0.3804347826086957,0.7928994082840237
vision|random|0.5,vision,random,0.5,0.4282212172454042,728,0.6456043956043956,0.6095500792880055,0.5712116407543922,0.679635696170204,0.005494505494505475,0.006270545542891637,0.0004250846488482729,0.6601941747572816,0.375,0.7840236686390533
vision|random|0.7,vision,random,0.7,0.595462531629948,728,0.6428571428571429,0.6070235936668177,0.5711540997957115,0.6799277768155979,0.008241758241758212,0.008797031164079483,0.00036754369016755994,0.6601941747572816,0.3695652173913043,0.7810650887573964
text+audio|start|0.1,text+audio,start,0.1,0.05569792319009633,728,0.6428571428571429,0.6070396236480916,0.5777978826062191,0.667662671218808,0.008241758241758212,0.008781001182805559,0.007011326500675152,0.6456310679611651,0.3804347826086957,0.7840236686390533
text+audio|start|0.3,text+audio,start,0.3,0.2535440139028292,728,0.6291208791208791,0.595565624537313,0.6027071398400169,0.6234288979344135,0.02197802197802201,0.02025500029358418,0.03192058373447293,0.6213592233009708,0.3967391304347826,0.7603550295857988
text+audio|start|0.5,text+audio,start,0.5,0.4617410881273111,728,0.592032967032967,0.5723830315095713,0.6523175279630328,0.5341570820190696,0.05906593406593408,0.04343759332132591,0.08153097185748881,0.5728155339805825,0.4673913043478261,0.6715976331360947
text+audio|start|0.7,text+audio,start,0.7,0.6497852208957837,728,0.5123626373626373,0.5020392048556429,0.6997508917229025,0.4456739274948334,0.1387362637362638,0.11378141997525426,0.12896433561735854,0.44660194174757284,0.5217391304347826,0.5473372781065089
text+audio|middle|0.1,text+audio,middle,0.1,0.07668902173795751,728,0.6538461538461539,0.6262133402229034,0.5747072163465239,0.6717534169103961,-0.0027472527472527375,-0.010392715392006258,0.003920660240979923,0.6699029126213593,0.43478260869565216,0.7633136094674556
text+audio|middle|0.3,text+audio,middle,0.3,0.27795037278559354,728,0.6195054945054945,0.5974048983718233,0.5994359052517441,0.6280308648365807,0.03159340659340659,0.018415726459073856,0.028649349146200098,0.6067961165048543,0.45108695652173914,0.7189349112426036
text+audio|middle|0.5,text+audio,middle,0.5,0.4859757437133722,728,0.5686813186813187,0.5521742215036384,0.6522696879052731,0.5442573547895684,0.08241758241758246,0.0636464033272588,0.0814831317997291,0.5097087378640777,0.5,0.6420118343195266
text+audio|middle|0.7,text+audio,middle,0.7,0.6733559570679254,728,0.4642857142857143,0.4620665609898141,0.6989969720316866,0.44181825696990035,0.18681318681318682,0.1537540638410831,0.12821041592614268,0.3592233009708738,0.6032608695652174,0.4526627218934911
text+audio|end|0.1,text+audio,end,0.1,0.05571165945383259,728,0.6208791208791209,0.5840018481619452,0.5894123078426244,0.6410096661006262,0.030219780219780223,0.03181877666895194,0.018625751737080476,0.6116504854368932,0.358695652173913,0.7692307692307693
text+audio|end|0.3,text+audio,end,0.3,0.2535577501665655,728,0.5755494505494505,0.5472496195457904,0.618112508924921,0.5979148558810891,0.07554945054945061,0.06857100528510673,0.047325952819377015,0.5339805825242718,0.3858695652173913,0.7041420118343196
text+audio|end|0.5,text+audio,end,0.5,0.4617548243910474,728,0.5686813186813187,0.5467918050628651,0.6492238560298734,0.5437299636152927,0.08241758241758246,0.0690288197680321,0.07843729992432946,0.48058252427184467,0.4782608695652174,0.6715976331360947
text+audio|end|0.7,text+audio,end,0.7,0.64979895715952,728,0.4684065934065934,0.4580144641683103,0.7017410681698123,0.43984354257449165,0.1826923076923077,0.15780616066258685,0.13095451206426834,0.34951456310679613,0.5054347826086957,0.5207100591715976
text+audio|random|0.1,text+audio,random,0.1,0.07411322071142991,728,0.6401098901098901,0.6097525763018236,0.5824664844517279,0.6575188403097559,0.010989010989011061,0.006068048529073611,0.011679928346183921,0.6310679611650486,0.41847826086956524,0.7662721893491125
text+audio|random|0.3,text+audio,random,0.3,0.26950270095185924,728,0.6291208791208791,0.6066489746453888,0.6050349208705413,0.608606598354114,0.02197802197802201,0.009171650185508362,0.034248364764997374,0.6116504854368932,0.47282608695652173,0.7248520710059172
text+audio|random|0.5,text+audio,random,0.5,0.4725121008381045,728,0.6057692307692307,0.5881891496965039,0.6405203586206311,0.553671160879641,0.04532967032967039,0.027631475134393235,0.0697338025150871,0.5097087378640777,0.5706521739130435,0.6834319526627219
text+audio|random|0.7,text+audio,random,0.7,0.6556818739822039,728,0.5013736263736264,0.4951464180498261,0.6921942551149526,0.4678265278936324,0.14972527472527475,0.12067420678107105,0.12140769900940862,0.39805825242718446,0.592391304347826,0.514792899408284
text+vision|start|0.1,text+vision,start,0.1,0.05485860684525938,728,0.6428571428571429,0.6070396236480916,0.578003515029495,0.6674776290642692,0.008241758241758212,0.008781001182805559,0.007216958923951022,0.6456310679611651,0.3804347826086957,0.7840236686390533
text+vision|start|0.3,text+vision,start,0.3,0.24728932739999998,728,0.6263736263736264,0.5920545533631153,0.602369117276784,0.623277785049938,0.02472527472527475,0.02376607146778187,0.03158256117124003,0.6310679611650486,0.3804347826086957,0.757396449704142
text+vision|start|0.5,text+vision,start,0.5,0.4496497755863083,728,0.5892857142857143,0.5698541272178974,0.6496142715376874,0.5354145903773414,0.061813186813186816,0.04596649761299976,0.0788277154321434,0.558252427184466,0.4782608695652174,0.6686390532544378
text+vision|start|0.7,text+vision,start,0.7,0.6314706565338288,728,0.5192307692307693,0.5049116391072515,0.6931909577617842,0.4483450266074456,0.13186813186813184,0.11090898572364571,0.12240440165624022,0.42718446601941745,0.5271739130434783,0.5710059171597633
text+vision|middle|0.1,text+vision,middle,0.1,0.07452462359021761,728,0.6524725274725275,0.6236884095687206,0.5745157344454828,0.672211912622923,-0.0013736263736263687,-0.007867784737823458,0.003729178339938799,0.6699029126213593,0.42391304347826086,0.7662721893491125
text+vision|middle|0.3,text+vision,middle,0.3,0.2700088992253179,728,0.6167582417582418,0.5961231705348399,0.5995379460887257,0.6285848024146978,0.03434065934065933,0.019697454296057293,0.02875138998318172,0.6067961165048543,0.45652173913043476,0.7100591715976331
text+vision|middle|0.5,text+vision,middle,0.5,0.4716370833104124,728,0.5769230769230769,0.561717941780128,0.6515454378185006,0.5442518011283413,0.07417582417582425,0.05410268305076915,0.08075888171295664,0.5145631067961165,0.5217391304347826,0.6449704142011834
text+vision|middle|0.7,text+vision,middle,0.7,0.6531229815254465,728,0.46703296703296704,0.4624659703989049,0.6985597359937626,0.438097497200664,0.18406593406593408,0.15335465443199225,0.12777317988821868,0.3446601941747573,0.6195652173913043,0.45857988165680474
text+vision|end|0.1,text+vision,end,0.1,0.05451885700303011,728,0.6208791208791209,0.5837728099093161,0.5894363608900816,0.6408951449110348,0.030219780219780223,0.03204781492158104,0.018649804784537594,0.6116504854368932,0.358695652173913,0.7692307692307693
text+vision|end|0.3,text+vision,end,0.3,0.2461746121719379,728,0.5769230769230769,0.5486546030498443,0.6190436609539685,0.5974650657320977,0.07417582417582425,0.06716602178105291,0.04825710484842449,0.5339805825242718,0.391304347826087,0.7041420118343196
text+vision|end|0.5,text+vision,end,0.5,0.4476831282849699,728,0.5563186813186813,0.5382052234072984,0.6506537860297792,0.5431361590178302,0.09478021978021978,0.0776154014235988,0.07986722992423523,0.4854368932038835,0.4891304347826087,0.636094674556213
text+vision|end|0.7,text+vision,end,0.7,0.6301677305875322,728,0.4697802197802198,0.46087289806240817,0.7067763725363465,0.43829748611580943,0.18131868131868134,0.154947726768489,0.13598981643080255,0.3446601941747573,0.5652173913043478,0.4940828402366864
text+vision|random|0.1,text+vision,random,0.1,0.07149618725753888,728,0.6387362637362637,0.6086909882422095,0.582710905129136,0.6570024927984216,0.01236263736263743,0.0071296365886877044,0.011924349023592073,0.6359223300970874,0.41304347826086957,0.7633136094674556
text+vision|random|0.3,text+vision,random,0.3,0.2609672431243019,728,0.6332417582417582,0.6113241157471757,0.6055518775496499,0.608574488209117,0.017857142857142905,0.004496509083721456,0.034765321444105934,0.6067961165048543,0.4891304347826087,0.727810650887574
text+vision|random|0.5,text+vision,random,0.5,0.4578139108823185,728,0.6043956043956044,0.5883223317011018,0.6409648405886921,0.5524913129943947,0.04670329670329676,0.027498293129795348,0.07017828448314811,0.5242718446601942,0.5652173913043478,0.6745562130177515
text+vision|random|0.7,text+vision,random,0.7,0.6355253157775081,728,0.510989010989011,0.5031559659222505,0.6920901811310693,0.4635350825188501,0.14010989010989017,0.11266465890864663,0.12130362502552539,0.4029126213592233,0.5978260869565217,0.5295857988165681
audio+vision|start|0.1,audio+vision,start,0.1,0.03379882697871688,728,0.6497252747252747,0.613781888847207,0.5705162420034777,0.6795265444710679,0.0013736263736263687,0.0020387359836901986,-0.00027031410206623807,0.6601941747572816,0.3804347826086957,0.7899408284023669
audio+vision|start|0.3,audio+vision,start,0.3,0.22267692456119165,728,0.6456043956043956,0.6110325460542742,0.5702239986544905,0.6796155043030611,0.005494505494505475,0.004788078776623017,-0.0005625574510534914,0.6601941747572816,0.3804347826086957,0.7810650887573964
audio+vision|start|0.5,audio+vision,start,0.5,0.4239842591943864,728,0.6497252747252747,0.6149362313315311,0.5720096300893391,0.6772279885992518,0.0013736263736263687,0.0008843934993660874,0.0012230739837951754,0.6601941747572816,0.391304347826087,0.7840236686390533
audio+vision|start|0.7,audio+vision,start,0.7,0.6056677775045441,728,0.646978021978022,0.6155669081928954,0.571317993025142,0.6771602775685601,0.004120879120879106,0.00025371663800177746,0.0005314369195980051,0.6553398058252428,0.41304347826086957,0.7692307692307693
audio+vision|middle|0.1,audio+vision,middle,0.1,0.07445594227153629,728,0.646978021978022,0.6104043466519632,0.5705060380489237,0.6793353938604499,0.004120879120879106,0.005416278178933975,-0.0002805180566202159,0.6553398058252428,0.375,0.7899408284023669
audio+vision|middle|0.3,audio+vision,middle,0.3,0.269802855269274,728,0.6483516483516484,0.6126871896216015,0.5703098990396049,0.6793653863111537,0.0027472527472527375,0.003133435209295654,-0.00047665706593902346,0.6553398058252428,0.3804347826086957,0.7899408284023669
audio+vision|middle|0.5,audio+vision,middle,0.5,0.47020622250455163,728,0.6524725274725275,0.618419282931173,0.5703617229093132,0.6780459758794102,-0.0013736263736263687,-0.002598658100275819,-0.0004248331962307672,0.6553398058252428,0.391304347826087,0.7928994082840237
audio+vision|middle|0.7,audio+vision,middle,0.7,0.6508908386683036,728,0.6538461538461539,0.6202555487376953,0.570968930962608,0.6758147627237268,-0.0027472527472527375,-0.004434923906798116,0.00018237485706407153,0.6601941747572816,0.3967391304347826,0.7899408284023669
audio+vision|end|0.1,audio+vision,end,0.1,0.03347281340022387,728,0.6497252747252747,0.6138860897877059,0.5710208989298585,0.6788268700971645,0.0013736263736263687,0.0019345350431912989,0.00023434282431455955,0.6601941747572816,0.3804347826086957,0.7899408284023669
audio+vision|end|0.3,audio+vision,end,0.3,0.2215759455968658,728,0.6442307692307693,0.6091454879923619,0.5716373800766362,0.6784794274407584,0.006868131868131844,0.006675136838535267,0.0008508239710922627,0.6601941747572816,0.375,0.7810650887573964
audio+vision|end|0.5,audio+vision,end,0.5,0.42203134815678434,728,0.6456043956043956,0.6091445900420082,0.5715747326970674,0.6784455891954868,0.005494505494505475,0.006676034788889007,0.0007881765915234151,0.6553398058252428,0.3695652173913043,0.7899408284023669
audio+vision|end|0.7,audio+vision,end,0.7,0.604378587821984,728,0.6456043956043956,0.6100201528635557,0.5729704534655417,0.6757804404351219,0.005494505494505475,0.005800471967341458,0.0021838973599976885,0.6553398058252428,0.375,0.7869822485207101
audio+vision|random|0.1,audio+vision,random,0.1,0.06885170491232996,728,0.6524725274725275,0.6169699946720191,0.570589187682944,0.6796745392944045,-0.0013736263736263687,-0.0011493698411219055,-0.0001973684225999861,0.6601941747572816,0.3858695652173913,0.7928994082840237
audio+vision|random|0.3,audio+vision,random,0.3,0.25231352733452367,728,0.6510989010989011,0.6160854435357099,0.5708061266117371,0.6798402986355911,0.0,-0.0002648187048127637,1.9570506193167247e-05,0.6601941747572816,0.3858695652173913,0.7899408284023669
audio+vision|random|0.5,audio+vision,random,0.5,0.4429194072011902,728,0.6456043956043956,0.6109815417076828,0.5719006705938348,0.6794036660513986,0.005494505494505475,0.004839083123214349,0.001114114488290796,0.6650485436893204,0.3804347826086957,0.7781065088757396
audio+vision|random|0.7,audio+vision,random,0.7,0.6156190898346439,728,0.6414835164835165,0.6049468631755164,0.5735308724988999,0.6782309847265588,0.009615384615384581,0.010873761655380787,0.002744316393355928,0.6553398058252428,0.3695652173913043,0.7810650887573964
text+audio+vision|start|0.1,text+audio+vision,start,0.1,0.0481184523380242,728,0.6428571428571429,0.6070396236480916,0.577829762644027,0.6677071098740865,0.008241758241758212,0.008781001182805559,0.0070432065384830045,0.6456310679611651,0.3804347826086957,0.7840236686390533
text+audio+vision|start|0.3,text+audio+vision,start,0.3,0.24117008862134026,728,0.6304945054945055,0.5971168765779781,0.602567623323981,0.6233696240525193,0.020604395604395642,0.018703748252919095,0.03178106721843699,0.6262135922330098,0.3967391304347826,0.7603550295857988
text+audio+vision|start|0.5,text+audio+vision,start,0.5,0.44512504096933525,728,0.5961538461538461,0.576556809374898,0.6524331315086673,0.5332074315146832,0.05494505494505497,0.03926381545599922,0.08164657540312337,0.5728155339805825,0.4782608695652174,0.6745562130177515
text+audio+vision|start|0.7,text+audio+vision,start,0.7,0.6289745516447188,728,0.5206043956043956,0.5090650599940189,0.7001486705234888,0.44498918520234604,0.13049450549450547,0.10675556483687831,0.12936211441794487,0.44660194174757284,0.5380434782608695,0.5562130177514792
text+audio+vision|middle|0.1,text+audio+vision,middle,0.1,0.07522319586657046,728,0.6538461538461539,0.6254276847175333,0.574471618717915,0.6720489851300556,-0.0027472527472527375,-0.009607059886636127,0.003685062612371004,0.6699029126213593,0.42934782608695654,0.7662721893491125
text+audio+vision|middle|0.3,text+audio+vision,middle,0.3,0.2725873757600618,728,0.6153846153846154,0.5945020561190658,0.5998387629317201,0.6280498929612419,0.0357142857142857,0.021318568711831354,0.029052206826176152,0.6067961165048543,0.45108695652173914,0.7100591715976331
text+audio+vision|middle|0.5,text+audio+vision,middle,0.5,0.47593968317611207,728,0.5728021978021978,0.5566493703494223,0.6526501077715983,0.5429727318483959,0.07829670329670335,0.059171254481474866,0.0818635516660543,0.5097087378640777,0.5108695652173914,0.6449704142011834
text+audio+vision|middle|0.7,text+audio+vision,middle,0.7,0.659123259087225,728,0.4684065934065934,0.46501386761311786,0.6999851881582699,0.4397417051814119,0.1826923076923077,0.1508067572177793,0.12919863205272597,0.35436893203883496,0.6195652173913043,0.4556213017751479
text+audio+vision|end|0.1,text+audio+vision,end,0.1,0.04790110995236219,728,0.6222527472527473,0.5851491558437902,0.5894922955296832,0.6407463276570327,0.028846153846153855,0.03067146898710693,0.018705739424139223,0.6116504854368932,0.358695652173913,0.772189349112426
text+audio+vision|end|0.3,text+audio+vision,end,0.3,0.2404361026451231,728,0.5769230769230769,0.5474783958482581,0.6193238297121723,0.5966406921480968,0.07417582417582425,0.06834222898263909,0.048537273606628295,0.5339805825242718,0.3804347826086957,0.7100591715976331
text+audio+vision|end|0.5,text+audio+vision,end,0.5,0.4438231002776005,728,0.5631868131868132,0.542747659471137,0.6513110763939599,0.5418051404523441,0.08791208791208793,0.07307296535976016,0.08052452028841595,0.4854368932038835,0.4782608695652174,0.6568047337278107
text+audio+vision|end|0.7,text+audio+vision,end,0.7,0.6281150918563453,728,0.4684065934065934,0.45733094160189064,0.705256489898682,0.43384471001885516,0.1826923076923077,0.15848968322900653,0.13446993379313799,0.33980582524271846,0.5217391304347826,0.5177514792899408
text+audio+vision|random|0.1,text+audio+vision,random,0.1,0.07148703762709958,728,0.6387362637362637,0.6090518814757853,0.5824720402591054,0.6575828762666268,0.01236263736263743,0.006768743355111906,0.01168548415356141,0.6310679611650486,0.41847826086956524,0.7633136094674556
text+audio+vision|random|0.3,text+audio+vision,random,0.3,0.2609278238035616,728,0.6277472527472527,0.6061979406724357,0.6053186738166375,0.609086124287507,0.02335164835164838,0.009622684158461459,0.034532117711093546,0.6019417475728155,0.483695652173913,0.7218934911242604
text+audio+vision|random|0.5,text+audio+vision,random,0.5,0.4577484729738711,728,0.5961538461538461,0.5803403223561837,0.641749467077706,0.5527392930895753,0.05494505494505497,0.035480302474713454,0.07096291097216201,0.5145631067961165,0.5597826086956522,0.665680473372781
text+audio+vision|random|0.7,text+audio+vision,random,0.7,0.6356087598647853,728,0.5054945054945055,0.49741693448902735,0.694466847732566,0.46436139411528027,0.14560439560439564,0.11840369034186982,0.12368029162702199,0.3932038834951456,0.5978260869565217,0.5236686390532544
