missing_modalities,nominal_rate,positions,mean_realized_fraction_of_extent,mean_accuracy,mean_accuracy_drop_from_complete,mean_macro_f1,mean_mae
text,0.1,4,0.07675770305663883,0.6383928571428572,0.012706043956043966,0.6055416680420099,0.5811925320195259
text,0.3,4,0.2781564167416375,0.614010989010989,0.03708791208791212,0.5876935541610082,0.6061666410184974
text,0.5,4,0.487406604519233,0.5831043956043955,0.06799450549450553,0.5652685198738241,0.6471173419690835
text,0.7,4,0.6755880999250683,0.49759615384615385,0.1535027472527473,0.4887915437340168,0.6958311976576135
audio,0.1,4,0.054348209490019346,0.6493818681318682,0.001717032967032961,0.6135006233678353,0.5706573678130203
audio,0.3,4,0.24912100216178623,0.648695054945055,0.0024038461538461453,0.6124583053209263,0.5707247814459081
audio,0.5,4,0.4535852740156846,0.6514423076923077,-0.0003434065934065922,0.6175280962393015,0.5717282417213677
audio,0.7,4,0.6387229046276482,0.6517857142857143,-0.0006868131868131844,0.6179805973068191,0.5728360763175291
vision,0.1,4,0.05094143429138416,0.6497252747252747,0.0013736263736263687,0.6136874796717419,0.5707899744177537
vision,0.3,4,0.23406362421914134,0.648695054945055,0.0024038461538461453,0.6128006890228486,0.5708972876181488
vision,0.5,4,0.4259853445127716,0.645260989010989,0.005837912087912067,0.6090621760908875,0.5707275307784305
vision,0.7,4,0.5995552422870896,0.6462912087912088,0.004807692307692291,0.611790893411691,0.5703470893239393
text+audio,0.1,4,0.06555295627332908,0.6394230769230769,0.01167582417582419,0.6067518470836909,0.5810959728117738
text+audio,0.3,4,0.26363870945171186,0.6133241758241759,0.03777472527472531,0.5867172792750789,0.6063226187218058
text+audio,0.5,4,0.4704959392674588,0.5837912087912087,0.06730769230769235,0.5648845519431447,0.6485828576297026
text+audio,0.7,4,0.6571555022763582,0.48660714285714285,0.16449175824175827,0.4793166620158984,0.6981707967598385
text+vision,0.1,4,0.0638495686740115,0.6387362637362637,0.012362637362637374,0.6057979578420845,0.5811666288735489
text+vision,0.3,4,0.25611002048038944,0.6133241758241759,0.03777472527472531,0.5870391106737438,0.606625650467282
text+vision,0.5,4,0.45669597451600225,0.5817307692307692,0.0693681318681319,0.5645249060266064,0.6481945839936648
text+vision,0.7,4,0.6375716711060789,0.4917582417582418,0.15934065934065936,0.48285161837270374,0.6976543118557408
audio+vision,0.1,4,0.05264482189070176,0.6497252747252747,0.0013736263736263687,0.6137605799897238,0.570658091666301
audio+vision,0.3,4,0.24159231319046376,0.6473214285714286,0.003777472527472514,0.6122376668009869,0.5707443510956173
audio+vision,0.5,4,0.43978530926422815,0.6483516483516484,0.0027472527472527375,0.6133704115030988,0.5714616890723887
audio+vision,0.7,4,0.6191390734573688,0.646978021978022,0.004120879120879106,0.6126973682424157,0.5721970624880479
text+audio+vision,0.1,4,0.060682448946014114,0.6394230769230769,0.01167582417582419,0.6066670864213001,0.5810664292876827
text+audio+vision,0.3,4,0.25378034770752167,0.6126373626373627,0.03846153846153849,0.5863238173044344,0.6067622224461278
text+audio+vision,0.5,4,0.4556590743492297,0.5820741758241758,0.06902472527472531,0.5640735403879102,0.6495359456879828
text+audio+vision,0.7,4,0.6379554156132686,0.490728021978022,0.16037087912087913,0.4822067009245137,0.6999642990782518
