case,subset,position,nominal_rate,mean_removed_observed_slots,mean_realized_fraction_of_extent,mean_extent_slots,min_removed_slots,max_removed_slots
text|start|0.1,text,start,0.1,2.1195054945054945,0.07675770305663883,25.587912087912088,0,5
text|start|0.3,text,start,0.3,7.274725274725275,0.2781564167416375,25.587912087912088,0,15
text|start|0.5,text,start,0.5,12.565934065934066,0.487406604519233,25.587912087912088,1,25
text|start|0.7,text,start,0.7,17.46565934065934,0.6755880999250683,25.587912087912088,1,35
text|middle|0.1,text,middle,0.1,2.1195054945054945,0.07675770305663883,25.587912087912088,0,5
text|middle|0.3,text,middle,0.3,7.274725274725275,0.2781564167416375,25.587912087912088,0,15
text|middle|0.5,text,middle,0.5,12.565934065934066,0.487406604519233,25.587912087912088,1,25
text|middle|0.7,text,middle,0.7,17.46565934065934,0.6755880999250683,25.587912087912088,1,35
text|end|0.1,text,end,0.1,2.1195054945054945,0.07675770305663883,25.587912087912088,0,5
text|end|0.3,text,end,0.3,7.274725274725275,0.2781564167416375,25.587912087912088,0,15
text|end|0.5,text,end,0.5,12.565934065934066,0.487406604519233,25.587912087912088,1,25
text|end|0.7,text,end,0.7,17.46565934065934,0.6755880999250683,25.587912087912088,1,35
text|random|0.1,text,random,0.1,2.1195054945054945,0.07675770305663883,25.587912087912088,0,5
text|random|0.3,text,random,0.3,7.274725274725275,0.2781564167416375,25.587912087912088,0,15
text|random|0.5,text,random,0.5,12.565934065934066,0.487406604519233,25.587912087912088,1,25
text|random|0.7,text,random,0.7,17.46565934065934,0.6755880999250683,25.587912087912088,1,35
audio|start|0.1,audio,start,0.1,1.1703296703296704,0.03463814332355384,25.587912087912088,0,4
audio|start|0.3,audio,start,0.3,6.260989010989011,0.2289316110640209,25.587912087912088,0,14
audio|start|0.5,audio,start,0.5,11.532967032967033,0.43607557173538924,25.587912087912088,0,24
audio|start|0.7,audio,start,0.7,16.418956043956044,0.6239823418664991,25.587912087912088,0,34
audio|middle|0.1,audio,middle,0.1,2.1126373626373627,0.07662034041927619,25.587912087912088,0,5
audio|middle|0.3,audio,middle,0.3,7.2541208791208796,0.2777443288295496,25.587912087912088,0,15
audio|middle|0.5,audio,middle,0.5,12.524725274725276,0.48454488290751135,25.587912087912088,0,25
audio|middle|0.7,audio,middle,0.7,17.403846153846153,0.6711238142107825,25.587912087912088,0,35
audio|end|0.1,audio,end,0.1,1.1717032967032968,0.034665615851026364,25.587912087912088,0,4
audio|end|0.3,audio,end,0.3,6.262362637362638,0.22895908359149342,25.587912087912088,0,14
audio|end|0.5,audio,end,0.5,11.534340659340659,0.4361030442628617,25.587912087912088,0,24
audio|end|0.7,audio,end,0.7,16.42032967032967,0.6240098143939717,25.587912087912088,0,34
audio|random|0.1,audio,random,0.1,2.004120879120879,0.07146873836622097,25.587912087912088,0,5
audio|random|0.3,audio,random,0.3,6.929945054945055,0.260848985162081,25.587912087912088,0,15
audio|random|0.5,audio,random,0.5,11.998626373626374,0.45761759715697614,25.587912087912088,0,25
audio|random|0.7,audio,random,0.7,16.673076923076923,0.6357756480393396,25.587912087912088,0,35
vision|start|0.1,vision,start,0.1,1.1153846153846154,0.032959510633879925,25.587912087912088,0,4
vision|start|0.3,vision,start,0.3,5.950549450549451,0.21642223805836244,25.587912087912088,0,14
vision|start|0.5,vision,start,0.5,10.95467032967033,0.41189294665338355,25.587912087912088,0,24
vision|start|0.7,vision,start,0.7,15.552197802197803,0.5873532131425893,25.587912087912088,0,34
vision|middle|0.1,vision,middle,0.1,2.0027472527472527,0.07229154412379639,25.587912087912088,0,5
vision|middle|0.3,vision,middle,0.3,6.877747252747253,0.2618613817089983,25.587912087912088,0,15
vision|middle|0.5,vision,middle,0.5,11.850274725274724,0.4558675621015918,25.587912087912088,0,25
vision|middle|0.7,vision,middle,0.7,16.453296703296704,0.6306578631258247,25.587912087912088,0,35
vision|end|0.1,vision,end,0.1,1.0906593406593406,0.03228001094942138,25.587912087912088,0,4
vision|end|0.3,vision,end,0.3,5.8791208791208796,0.21419280760223822,25.587912087912088,0,14
vision|end|0.5,vision,end,0.5,10.843406593406593,0.4079596520507069,25.587912087912088,0,24
vision|end|0.7,vision,end,0.7,15.469780219780219,0.584747361249996,25.587912087912088,0,34
vision|random|0.1,vision,random,0.1,1.870879120879121,0.06623467145843895,25.587912087912088,0,5
vision|random|0.3,vision,random,0.3,6.493131868131868,0.24377806950696632,25.587912087912088,0,15
vision|random|0.5,vision,random,0.5,11.273351648351648,0.4282212172454042,25.587912087912088,0,25
vision|random|0.7,vision,random,0.7,15.710164835164836,0.595462531629948,25.587912087912088,0,35
text+audio|start|0.1,text+audio,start,0.1,1.6449175824175823,0.05569792319009633,25.587912087912088,0,5
text+audio|start|0.3,text+audio,start,0.3,6.767857142857143,0.2535440139028292,25.587912087912088,0,15
text+audio|start|0.5,text+audio,start,0.5,12.04945054945055,0.4617410881273111,25.587912087912088,0,25
text+audio|start|0.7,text+audio,start,0.7,16.942307692307693,0.6497852208957837,25.587912087912088,0,35
text+audio|middle|0.1,text+audio,middle,0.1,2.1160714285714284,0.07668902173795751,25.587912087912088,0,5
text+audio|middle|0.3,text+audio,middle,0.3,7.264423076923077,0.27795037278559354,25.587912087912088,0,15
text+audio|middle|0.5,text+audio,middle,0.5,12.54532967032967,0.4859757437133722,25.587912087912088,0,25
text+audio|middle|0.7,text+audio,middle,0.7,17.434752747252748,0.6733559570679254,25.587912087912088,0,35
text+audio|end|0.1,text+audio,end,0.1,1.6456043956043955,0.05571165945383259,25.587912087912088,0,5
text+audio|end|0.3,text+audio,end,0.3,6.768543956043956,0.2535577501665655,25.587912087912088,0,15
text+audio|end|0.5,text+audio,end,0.5,12.050137362637363,0.4617548243910474,25.587912087912088,0,25
text+audio|end|0.7,text+audio,end,0.7,16.942994505494507,0.64979895715952,25.587912087912088,0,35
text+audio|random|0.1,text+audio,random,0.1,2.0618131868131866,0.07411322071142991,25.587912087912088,0,5
text+audio|random|0.3,text+audio,random,0.3,7.102335164835165,0.26950270095185924,25.587912087912088,0,15
text+audio|random|0.5,text+audio,random,0.5,12.282280219780219,0.4725121008381045,25.587912087912088,0,25
text+audio|random|0.7,text+audio,random,0.7,17.06936813186813,0.6556818739822039,25.587912087912088,0,35
text+vision|start|0.1,text+vision,start,0.1,1.617445054945055,0.05485860684525938,25.587912087912088,0,5
text+vision|start|0.3,text+vision,start,0.3,6.612637362637362,0.24728932739999998,25.587912087912088,0,15
text+vision|start|0.5,text+vision,start,0.5,11.760302197802197,0.4496497755863083,25.587912087912088,0,25
text+vision|start|0.7,text+vision,start,0.7,16.508928571428573,0.6314706565338288,25.587912087912088,0,35
text+vision|middle|0.1,text+vision,middle,0.1,2.0611263736263736,0.07452462359021761,25.587912087912088,0,5
text+vision|middle|0.3,text+vision,middle,0.3,7.076236263736264,0.2700088992253179,25.587912087912088,0,15
text+vision|middle|0.5,text+vision,middle,0.5,12.208104395604396,0.4716370833104124,25.587912087912088,0,25
text+vision|middle|0.7,text+vision,middle,0.7,16.959478021978022,0.6531229815254465,25.587912087912088,0,35
text+vision|end|0.1,text+vision,end,0.1,1.6050824175824177,0.05451885700303011,25.587912087912088,0,5
text+vision|end|0.3,text+vision,end,0.3,6.576923076923077,0.2461746121719379,25.587912087912088,0,15
text+vision|end|0.5,text+vision,end,0.5,11.70467032967033,0.4476831282849699,25.587912087912088,0,25
text+vision|end|0.7,text+vision,end,0.7,16.46771978021978,0.6301677305875322,25.587912087912088,0,35
text+vision|random|0.1,text+vision,random,0.1,1.9951923076923077,0.07149618725753888,25.587912087912088,0,5
text+vision|random|0.3,text+vision,random,0.3,6.883928571428571,0.2609672431243019,25.587912087912088,0,15
text+vision|random|0.5,text+vision,random,0.5,11.919642857142858,0.4578139108823185,25.587912087912088,0,25
text+vision|random|0.7,text+vision,random,0.7,16.587912087912088,0.6355253157775081,25.587912087912088,0,35
audio+vision|start|0.1,audio+vision,start,0.1,1.1428571428571428,0.03379882697871688,25.587912087912088,0,4
audio+vision|start|0.3,audio+vision,start,0.3,6.105769230769231,0.22267692456119165,25.587912087912088,0,14
audio+vision|start|0.5,audio+vision,start,0.5,11.24381868131868,0.4239842591943864,25.587912087912088,0,24
audio+vision|start|0.7,audio+vision,start,0.7,15.985576923076923,0.6056677775045441,25.587912087912088,0,34
audio+vision|middle|0.1,audio+vision,middle,0.1,2.0576923076923075,0.07445594227153629,25.587912087912088,0,5
audio+vision|middle|0.3,audio+vision,middle,0.3,7.065934065934066,0.269802855269274,25.587912087912088,0,15
audio+vision|middle|0.5,audio+vision,middle,0.5,12.1875,0.47020622250455163,25.587912087912088,0,25
audio+vision|middle|0.7,audio+vision,middle,0.7,16.928571428571427,0.6508908386683036,25.587912087912088,0,35
audio+vision|end|0.1,audio+vision,end,0.1,1.1311813186813187,0.03347281340022387,25.587912087912088,0,4
audio+vision|end|0.3,audio+vision,end,0.3,6.070741758241758,0.2215759455968658,25.587912087912088,0,14
audio+vision|end|0.5,audio+vision,end,0.5,11.188873626373626,0.42203134815678434,25.587912087912088,0,24
audio+vision|end|0.7,audio+vision,end,0.7,15.945054945054945,0.604378587821984,25.587912087912088,0,34
audio+vision|random|0.1,audio+vision,random,0.1,1.9375,0.06885170491232996,25.587912087912088,0,5
audio+vision|random|0.3,audio+vision,random,0.3,6.711538461538462,0.25231352733452367,25.587912087912088,0,15
audio+vision|random|0.5,audio+vision,random,0.5,11.635989010989011,0.4429194072011902,25.587912087912088,0,25
audio+vision|random|0.7,audio+vision,random,0.7,16.19162087912088,0.6156190898346439,25.587912087912088,0,35
text+audio+vision|start|0.1,text+audio+vision,start,0.1,1.4684065934065933,0.0481184523380242,25.587912087912088,0,5
text+audio+vision|start|0.3,text+audio+vision,start,0.3,6.495421245421245,0.24117008862134026,25.587912087912088,0,15
text+audio+vision|start|0.5,text+audio+vision,start,0.5,11.68452380952381,0.44512504096933525,25.587912087912088,0,25
text+audio+vision|start|0.7,text+audio+vision,start,0.7,16.47893772893773,0.6289745516447188,25.587912087912088,0,35
text+audio+vision|middle|0.1,text+audio+vision,middle,0.1,2.0782967032967035,0.07522319586657046,25.587912087912088,0,5
text+audio+vision|middle|0.3,text+audio+vision,middle,0.3,7.135531135531136,0.2725873757600618,25.587912087912088,0,15
text+audio+vision|middle|0.5,text+audio+vision,middle,0.5,12.313644688644688,0.47593968317611207,25.587912087912088,0,25
text+audio+vision|middle|0.7,text+audio+vision,middle,0.7,17.107600732600734,0.659123259087225,25.587912087912088,0,35
text+audio+vision|end|0.1,text+audio+vision,end,0.1,1.4606227106227105,0.04790110995236219,25.587912087912088,0,5
text+audio+vision|end|0.3,text+audio+vision,end,0.3,6.472069597069597,0.2404361026451231,25.587912087912088,0,15
text+audio+vision|end|0.5,text+audio+vision,end,0.5,11.647893772893774,0.4438231002776005,25.587912087912088,0,25
text+audio+vision|end|0.7,text+audio+vision,end,0.7,16.451923076923077,0.6281150918563453,25.587912087912088,0,35
text+audio+vision|random|0.1,text+audio+vision,random,0.1,1.9981684981684982,0.07148703762709958,25.587912087912088,0,5
text+audio+vision|random|0.3,text+audio+vision,random,0.3,6.8992673992674,0.2609278238035616,25.587912087912088,0,15
text+audio+vision|random|0.5,text+audio+vision,random,0.5,11.945970695970695,0.4577484729738711,25.587912087912088,0,25
text+audio+vision|random|0.7,text+audio+vision,random,0.7,16.616300366300365,0.6356087598647853,25.587912087912088,0,35
