seed,scheme,scheme_zh,best_epoch,accuracy,macro_f1,mae,pearson
1729,full,完整模型,2,0.6442307692307693,0.6009769093657242,0.5735441581601952,0.6715728095435897
1729,text_only,BERT-only,2,0.6483516483516484,0.6004532763892735,0.5800573625448313,0.664924994501832
1729,text_audio,BERT+音频,2,0.6497252747252747,0.6012569867243066,0.5780721321742941,0.6692189377034027
1729,text_vision,BERT+视觉,2,0.6456043956043956,0.6049175195930024,0.5807648946500414,0.6642705128692059
1729,no_av_direct,移除AV直连,2,0.6565934065934066,0.6275849577120973,0.5628709916107275,0.6882146839947261
1729,no_missing_aug,关闭缺失增广,4,0.6428571428571429,0.6101312293408716,0.5815224616614344,0.6736988737795526
2718,full,完整模型,3,0.6456043956043956,0.625657110185412,0.5741262296931102,0.6882084305344713
2718,text_only,BERT-only,12,0.6401098901098901,0.6159730027285676,0.593086983824333,0.6715307696932039
2718,text_audio,BERT+音频,4,0.6401098901098901,0.6172866783402523,0.589807669314873,0.680988722474379
2718,text_vision,BERT+视觉,3,0.6387362637362637,0.6176723641512374,0.5793247338548139,0.6823869897314547
2718,no_av_direct,移除AV直连,4,0.6538461538461539,0.61263940263207,0.6302571415614623,0.6873664196665972
3407,full,完整模型,2,0.646978021978022,0.5730320569369562,0.6150395533090437,0.6860714480652313
3407,text_only,BERT-only,4,0.6414835164835165,0.6068275147658357,0.5781426094267722,0.6828682130507024
3407,text_audio,BERT+音频,4,0.6497252747252747,0.6119719565399783,0.5809530909940764,0.6807552615173628
3407,text_vision,BERT+视觉,2,0.6401098901098901,0.5797572123554865,0.6023412784254485,0.6876030808599795
3407,no_av_direct,移除AV直连,2,0.6442307692307693,0.5660158339457034,0.6159770007521569,0.6762986512118707
